Name,State,decimalLatitude,decimalLongitude,year
Pinus rigida,Pennsylvania,40.799679,-77.989929,2014
Pinus rigida,New York,42.718943,-73.863771,2015
Pinus rigida,New York,40.586275,-73.559793,2015
Pinus rigida,New Jersey,39.887025,-74.379463,2015
Pinus rigida,Massachusetts,42.73798,-70.792906,2015
Pinus rigida,Maine,43.406108,-70.624542,2015
Pinus rigida,New Jersey,40.054133,-74.437928,2015
Pinus rigida,New Jersey,39.656355,-74.65798,2015
Pinus rigida,Vermont,44.554603,-73.301322,2015
Pinus rigida,Vermont,44.55464,-73.301068,2015
Pinus rigida,New York,42.718845,-73.864357,2015
Pinus rigida,Vermont,42.920245,-72.601324,2015
Pinus rigida,Ohio,41.487652,-81.93471,2015
Pinus rigida,New Jersey,40.10738,-74.434976,2015
Pinus rigida,Maine,43.782772,-69.729082,2015
Pinus rigida,Maine,44.338556,-68.273335,2015
Pinus rigida,New Jersey,39.649269,-74.649567,2015
Pinus rigida,Vermont,44.582645,-73.19242,2015
Pinus rigida,Vermont,44.537401,-73.217751,2015
Pinus rigida,Maine,44.340842,-68.225956,2015
Pinus rigida,Vermont,43.720576,-72.988877,2015
Pinus rigida,Massachusetts,41.623802,-70.536043,2015
Pinus rigida,Massachusetts,41.552077,-70.643721,2015
Pinus rigida,Pennsylvania,41.390361,-77.469001,2015
Pinus rigida,New Jersey,40.9682,-75.113045,2015
Pinus rigida,Pennsylvania,39.726652,-76.076859,2015
Pinus rigida,North Carolina,35.166539,-83.036033,2015
Pinus rigida,North Carolina,35.03572,-83.19227,2015
Pinus rigida,Massachusetts,42.063308,-70.189155,2015
Pinus rigida,Connecticut,41.825822,-72.24082,2015
Pinus rigida,Vermont,43.72104,-72.98623,2015
Pinus rigida,Massachusetts,41.561987,-70.532367,2015
Pinus rigida,New Jersey,40.055242,-74.439667,2015
Pinus rigida,New Jersey,40.3506,-74.560862,2015
Pinus rigida,New Jersey,39.761051,-74.104702,2015
Pinus rigida,Pennsylvania,39.732025,-76.080478,2015
Pinus rigida,Vermont,44.490505,-73.111243,2015
Pinus rigida,New Jersey,39.79297,-74.275497,2015
Pinus rigida,New Jersey,39.646873,-74.651123,2015
Pinus rigida,New Jersey,39.872858,-74.521658,2015
Pinus rigida,New Jersey,41.038206,-74.998772,2015
Pinus rigida,New Jersey,39.785895,-74.276195,2015
Pinus rigida,New Jersey,39.916799,-74.597275,2015
Pinus rigida,New Jersey,39.919617,-74.592362,2015
Pinus rigida,Rhode Island,41.684681,-71.58935,2016
Pinus rigida,New York,42.697094,-73.842458,2016
Pinus rigida,New York,40.58888,-73.558263,2016
Pinus rigida,New York,40.58966,-73.55132,2016
Pinus rigida,Pennsylvania,41.849104,-78.982948,2016
Pinus rigida,New York,40.58888,-73.558263,2016
Pinus rigida,New York,43.090619,-77.514997,2016
Pinus rigida,Kentucky,37.772907,-83.685204,2016
Pinus rigida,Massachusetts,42.297797,-72.238686,2016
Pinus rigida,Maine,43.545295,-70.475657,2016
Pinus rigida,Maine,43.954213,-70.883243,2016
Pinus rigida,Massachusetts,41.654748,-69.964327,2016
Pinus rigida,New York,41.011609,-72.035068,2016
Pinus rigida,New York,40.617467,-73.825139,2016
Pinus rigida,Massachusetts,41.65663,-69.958683,2016
Pinus rigida,Massachusetts,42.215609,-71.113615,2016
Pinus rigida,New Jersey,39.80729,-74.545664,2016
Pinus rigida,New York,42.713264,-73.865784,2016
Pinus rigida,Maine,43.546204,-70.471175,2016
Pinus rigida,Rhode Island,41.684484,-71.589134,2016
Pinus rigida,Ohio,41.487913,-81.933488,2016
Pinus rigida,New Jersey,40.42003,-74.137777,2016
Pinus rigida,Maine,44.332168,-68.189821,2016
Pinus rigida,Ohio,41.487709,-81.934104,2016
Pinus rigida,Massachusetts,42.057323,-70.108383,2016
Pinus rigida,Vermont,44.498264,-73.172714,2016
Pinus rigida,Maine,44.353642,-68.22522,2016
Pinus rigida,Maine,43.561307,-70.232793,2016
Pinus rigida,New Jersey,40.076815,-74.155915,2016
Pinus rigida,New Jersey,40.143599,-74.109936,2016
Pinus rigida,New Jersey,39.618999,-74.407335,2016
Pinus rigida,New Jersey,39.700395,-74.389973,2016
Pinus rigida,New Jersey,39.893,-74.556819,2016
Pinus rigida,New Jersey,39.700948,-74.390045,2016
Pinus rigida,Pennsylvania,40.186767,-75.514047,2016
Pinus rigida,New Jersey,40.481475,-74.435556,2016
Pinus rigida,Massachusetts,42.156959,-71.216773,2016
Pinus rigida,Maine,44.407261,-68.244171,2016
Pinus rigida,Vermont,42.916698,-72.591667,2016
Pinus rigida,Massachusetts,41.694418,-69.999354,2016
Pinus rigida,New Jersey,39.737957,-74.624463,2016
Pinus rigida,Vermont,44.4882,-73.229227,2016
Pinus rigida,Massachusetts,42.364384,-71.258565,2016
Pinus rigida,New Jersey,40.435829,-74.267817,2016
Pinus rigida,New Jersey,39.923167,-74.598798,2016
Pinus rigida,Vermont,44.513687,-73.264617,2016
Pinus rigida,Maine,44.359409,-68.227393,2016
Pinus rigida,Pennsylvania,39.734476,-76.042042,2016
Pinus rigida,New Jersey,40.458552,-73.994802,2016
Pinus rigida,New York,42.718793,-73.864304,2016
Pinus rigida,Pennsylvania,39.736677,-76.039814,2016
Pinus rigida,Massachusetts,41.697211,-70.013103,2016
Pinus rigida,Massachusetts,42.49569,-71.479856,2016
Pinus rigida,Tennessee,35.611764,-83.489545,2016
Pinus rigida,New Jersey,39.442382,-74.667157,2016
Pinus rigida,North Carolina,35.124648,-82.617017,2016
Pinus rigida,Massachusetts,41.773391,-70.057228,2016
Pinus rigida,North Carolina,35.025345,-83.148422,2016
Pinus rigida,North Carolina,35.025042,-83.148039,2016
Pinus rigida,Massachusetts,42.000325,-70.037842,2016
Pinus rigida,Pennsylvania,40.07706,-78.340438,2016
Pinus rigida,Massachusetts,42.359755,-71.256729,2016
Pinus rigida,New Jersey,39.6733,-74.4603,2016
Pinus rigida,Vermont,43.71328,-73.026263,2016
Pinus rigida,Rhode Island,41.504587,-71.778,2017
Pinus rigida,North Carolina,35.110317,-82.687545,2017
Pinus rigida,New Jersey,40.202204,-74.086418,2017
Pinus rigida,New York,41.420963,-74.100033,2017
Pinus rigida,New Jersey,40.385611,-74.429744,2017
Pinus rigida,New Jersey,39.688647,-74.740145,2017
Pinus rigida,New Jersey,40.379627,-74.338796,2017
Pinus rigida,Massachusetts,41.914683,-70.068519,2017
Pinus rigida,Maryland,38.981017,-76.900218,2017
Pinus rigida,Maryland,38.815106,-76.718975,2017
Pinus rigida,Massachusetts,42.364989,-71.258663,2017
Pinus rigida,New Jersey,40.219652,-74.312872,2017
Pinus rigida,Maryland,38.980548,-76.900509,2017
Pinus rigida,Vermont,44.50197,-73.146586,2017
Pinus rigida,Maine,43.408908,-70.561408,2017
Pinus rigida,Massachusetts,42.36548,-71.258701,2017
Pinus rigida,Massachusetts,42.36548,-71.258701,2017
Pinus rigida,Massachusetts,42.364989,-71.258663,2017
Pinus rigida,Maine,44.092211,-70.991849,2017
Pinus rigida,Maine,43.609386,-70.799544,2017
Pinus rigida,Maine,44.311925,-68.34509,2017
Pinus rigida,Maine,43.69227,-70.974507,2017
Pinus rigida,Massachusetts,42.558094,-72.524431,2017
Pinus rigida,Maine,43.545586,-70.472968,2017
Pinus rigida,Maine,43.88005,-69.959782,2017
Pinus rigida,Ohio,41.203473,-81.699881,2017
Pinus rigida,Pennsylvania,39.737177,-75.94669,2017
Pinus rigida,New York,40.622024,-73.625471,2017
Pinus rigida,New York,40.622204,-73.625636,2017
Pinus rigida,New York,40.749591,-73.152083,2017
Pinus rigida,New York,40.622129,-73.625188,2017
Pinus rigida,New Jersey,40.377049,-74.340701,2017
Pinus rigida,New Jersey,40.36202,-74.251329,2017
Pinus rigida,New Jersey,40.467062,-74.31633,2017
Pinus rigida,West Virginia,38.916618,-79.254454,2017
Pinus rigida,West Virginia,38.866229,-79.334695,2017
Pinus rigida,Massachusetts,42.335064,-72.463921,2017
Pinus rigida,Massachusetts,42.344856,-72.227928,2017
Pinus rigida,New York,42.717081,-73.881836,2017
Pinus rigida,Pennsylvania,39.732386,-76.033495,2017
Pinus rigida,Pennsylvania,41.108766,-75.426642,2017
Pinus rigida,Pennsylvania,41.108865,-75.423211,2017
Pinus rigida,Massachusetts,42.495424,-71.480201,2017
Pinus rigida,Massachusetts,42.497483,-71.48158,2017
Pinus rigida,New York,42.715084,-73.890541,2017
Pinus rigida,New York,40.893356,-72.848967,2017
Pinus rigida,Connecticut,41.755046,-72.485883,2017
Pinus rigida,North Carolina,35.1061,-82.689697,2017
Pinus rigida,North Carolina,35.098835,-82.698021,2017
Pinus rigida,Maine,44.323494,-68.1875,2017
Pinus rigida,Pennsylvania,39.786091,-79.178147,2017
Pinus rigida,Connecticut,41.367578,-72.585687,2017
Pinus rigida,New York,42.241937,-74.012854,2017
Pinus rigida,Massachusetts,41.397474,-70.539315,2017
Pinus rigida,New York,41.327571,-74.010555,2017
Pinus rigida,New Jersey,39.700197,-74.230282,2017
Pinus rigida,Maryland,39.177045,-76.959818,2017
Pinus rigida,Maryland,39.020881,-76.845653,2017
Pinus rigida,New Jersey,41.09423,-74.921436,2017
Pinus rigida,New Jersey,40.441146,-74.265545,2017
Pinus rigida,New Jersey,40.442154,-74.261549,2017
Pinus rigida,Pennsylvania,39.734807,-76.03833,2017
Pinus rigida,Massachusetts,42.732467,-70.788708,2017
Pinus rigida,New York,42.720463,-73.872918,2017
Pinus rigida,Maryland,39.020288,-76.777313,2017
Pinus rigida,Maryland,38.98196,-76.898548,2017
Pinus rigida,Maryland,39.047733,-76.940872,2017
Pinus rigida,West Virginia,39.337578,-78.497392,2017
Pinus rigida,Maryland,39.068458,-76.878045,2017
Pinus rigida,Massachusetts,42.293849,-71.301741,2017
Pinus rigida,Massachusetts,42.569138,-72.51852,2017
Pinus rigida,Massachusetts,42.115247,-70.713098,2017
Pinus rigida,Virginia,38.449495,-78.465522,2017
Pinus rigida,Massachusetts,42.059219,-70.140519,2017
Pinus rigida,Maine,44.328236,-68.184616,2017
Pinus rigida,Massachusetts,41.733045,-70.121855,2017
Pinus rigida,Massachusetts,41.732613,-70.122505,2017
Pinus rigida,Massachusetts,41.829531,-70.649235,2017
Pinus rigida,Massachusetts,42.073892,-70.163314,2017
Pinus rigida,North Carolina,35.083628,-83.618027,2017
Pinus rigida,Tennessee,35.677903,-83.430305,2017
Pinus rigida,Tennessee,35.678958,-83.477295,2017
Pinus rigida,Tennessee,35.679623,-83.478243,2017
Pinus rigida,Massachusetts,41.337361,-70.304733,2017
Pinus rigida,Massachusetts,41.336444,-70.303725,2017
Pinus rigida,Massachusetts,41.33725,-70.304725,2017
Pinus rigida,North Carolina,35.362355,-82.827575,2017
Pinus rigida,Maryland,39.037018,-76.934007,2017
Pinus rigida,Ohio,41.424656,-81.590443,2017
Pinus rigida,Massachusetts,41.85835,-70.662982,2017
Pinus rigida,Vermont,44.54495,-73.283327,2017
Pinus rigida,Maine,44.380656,-68.06329,2017
Pinus rigida,Massachusetts,42.455581,-71.443514,2017
Pinus rigida,Pennsylvania,40.005154,-77.372986,2017
Pinus rigida,Virginia,37.977587,-78.987822,2017
Pinus rigida,Maine,44.311903,-68.345084,2017
Pinus rigida,Maine,44.353992,-68.225542,2017
Pinus rigida,New Jersey,39.950644,-74.495113,2017
Pinus rigida,Maryland,39.002786,-76.935992,2017
Pinus rigida,Pennsylvania,40.792728,-75.364237,2017
Pinus rigida,Massachusetts,42.363455,-71.251726,2017
Pinus rigida,North Carolina,35.465668,-83.433995,2017
Pinus rigida,New Jersey,39.797274,-74.559264,2017
Pinus rigida,Virginia,38.862425,-78.327949,2017
Pinus rigida,New York,40.54352,-74.226853,2017
Pinus rigida,Massachusetts,42.366314,-71.255233,2017
Pinus rigida,District of Columbia,38.949971,-77.006233,2017
Pinus rigida,West Virginia,38.069966,-81.078448,2017
Pinus rigida,Massachusetts,42.212319,-71.114528,2017
Pinus rigida,Massachusetts,42.470614,-71.165687,2017
Pinus rigida,New Jersey,39.752846,-74.272034,2017
Pinus rigida,Massachusetts,42.435879,-71.138004,2017
Pinus rigida,New Jersey,39.929003,-74.214427,2017
Pinus rigida,Maryland,39.191969,-76.719278,2017
Pinus rigida,Massachusetts,42.732383,-70.789292,2017
Pinus rigida,New Jersey,40.055292,-74.165193,2017
Pinus rigida,Maryland,39.012866,-76.957628,2017
Pinus rigida,Maryland,39.014609,-76.954395,2017
Pinus rigida,Maryland,38.942789,-76.695494,2017
Pinus rigida,New Jersey,40.379627,-74.338796,2017
Pinus rigida,New Jersey,40.378352,-74.348173,2017
Pinus rigida,New Jersey,40.379627,-74.338796,2017
Pinus rigida,Maryland,39.012906,-76.912213,2017
Pinus rigida,Maryland,39.042951,-76.798782,2017
Pinus rigida,Maryland,39.027875,-76.762792,2017
Pinus rigida,Massachusetts,42.426704,-72.408192,2018
Pinus rigida,Massachusetts,42.569721,-72.537445,2018
Pinus rigida,Connecticut,41.462521,-71.945488,2018
Pinus rigida,Massachusetts,41.999855,-70.078353,2018
Pinus rigida,North Carolina,35.166517,-83.03595,2018
Pinus rigida,North Carolina,35.085617,-83.615662,2018
Pinus rigida,New York,40.90487,-72.672713,2018
Pinus rigida,New York,42.959792,-76.939641,2018
Pinus rigida,New Jersey,40.619946,-74.850865,2018
Pinus rigida,Pennsylvania,40.060647,-77.292442,2018
Pinus rigida,Pennsylvania,40.126039,-77.094102,2018
Pinus rigida,New Jersey,40.436613,-74.271509,2018
Pinus rigida,Connecticut,41.286228,-72.92498,2018
Pinus rigida,Maine,44.338556,-68.273335,2018
Pinus rigida,New Jersey,39.246663,-74.856203,2018
Pinus rigida,Massachusetts,41.758153,-70.016347,2018
Pinus rigida,Massachusetts,41.912668,-69.97345,2018
Pinus rigida,New York,42.717941,-73.860863,2018
Pinus rigida,New Jersey,39.83022,-74.990764,2018
Pinus rigida,New Jersey,39.830257,-74.990743,2018
Pinus rigida,New Jersey,39.829729,-74.991056,2018
Pinus rigida,New York,40.62953,-73.225037,2018
Pinus rigida,New York,40.628863,-73.227037,2018
Pinus rigida,New Jersey,39.625332,-74.432547,2018
Pinus rigida,Massachusetts,42.683063,-70.761637,2018
Pinus rigida,New York,43.207987,-77.622474,2018
Pinus rigida,Massachusetts,41.29619,-70.040027,2018
Pinus rigida,Massachusetts,42.30676,-71.099618,2018
Pinus rigida,Massachusetts,42.779707,-70.808088,2018
Pinus rigida,New York,42.718281,-73.863098,2018
Pinus rigida,Massachusetts,41.624138,-70.535843,2018
Pinus rigida,Massachusetts,41.883037,-69.995366,2018
Pinus rigida,Massachusetts,41.915514,-70.570141,2018
Pinus rigida,Massachusetts,41.962064,-70.071669,2018
Pinus rigida,Maine,43.33319,-70.542448,2018
Pinus rigida,West Virginia,38.952622,-79.26265,2018
Pinus rigida,Massachusetts,42.642874,-70.700074,2018
Pinus rigida,Massachusetts,41.882516,-69.996451,2018
Pinus rigida,Maryland,39.415428,-77.208214,2018
Pinus rigida,Vermont,42.743966,-72.500365,2018
Pinus rigida,Massachusetts,42.069595,-70.192912,2018
Pinus rigida,Massachusetts,41.880789,-69.996567,2018
Pinus rigida,Maine,43.644751,-70.273159,2018
Pinus rigida,Maine,43.645416,-70.276112,2018
Pinus rigida,Massachusetts,41.883178,-69.996472,2018
Pinus rigida,Vermont,44.497779,-73.246727,2018
Pinus rigida,New York,42.16925,-74.051217,2018
Pinus rigida,Maine,44.329441,-68.183975,2018
Pinus rigida,Massachusetts,41.635578,-70.568512,2018
Pinus rigida,Maine,44.526507,-68.151829,2018
Pinus rigida,New York,42.717908,-73.861684,2018
Pinus rigida,New York,42.728321,-73.875937,2018
Pinus rigida,Massachusetts,41.440762,-70.569933,2018
Pinus rigida,Virginia,38.947127,-78.31633,2018
Pinus rigida,New York,41.64647,-74.41337,2018
Pinus rigida,Maine,44.231592,-68.315132,2018
Pinus rigida,Maine,44.327324,-68.294581,2018
Pinus rigida,New Hampshire,42.856775,-72.523745,2018
Pinus rigida,Maine,44.328425,-68.178694,2018
Pinus rigida,New Jersey,39.895145,-74.55378,2018
Pinus rigida,Maine,43.545151,-70.475752,2018
Pinus rigida,Maine,43.613281,-70.798948,2018
Pinus rigida,Maine,44.352776,-68.20446,2018
Pinus rigida,Maine,44.367142,-68.230378,2018
Pinus rigida,Maine,44.32813,-68.184602,2018
Pinus rigida,,38.933243,-74.96521,2018
Pinus rigida,Maine,44.343184,-68.236404,2018
Pinus rigida,Maine,44.327787,-68.192658,2018
Pinus rigida,Pennsylvania,39.935988,-77.448708,2018
Pinus rigida,Maine,44.351584,-68.223317,2018
Pinus rigida,Maine,44.351558,-68.223342,2018
Pinus rigida,New Hampshire,44.044182,-71.091623,2018
Pinus rigida,Vermont,44.486407,-73.102206,2018
Pinus rigida,Vermont,44.938741,-73.195663,2018
Pinus rigida,New Jersey,38.935783,-74.956238,2018
Pinus rigida,North Carolina,35.035736,-83.192122,2018
Pinus rigida,Maine,44.333,-68.193155,2018
Pinus rigida,New Jersey,39.739222,-74.727556,2018
Pinus rigida,Maine,44.316915,-68.193594,2018
Pinus rigida,Massachusetts,42.062282,-70.112875,2018
Pinus rigida,Massachusetts,41.674408,-70.062644,2018
Pinus rigida,Vermont,43.947808,-73.077178,2018
Pinus rigida,Maine,44.32755,-68.295547,2018
Pinus rigida,New Jersey,39.771632,-74.215279,2018
Pinus rigida,New York,40.682262,-73.51537,2018
Pinus rigida,Rhode Island,41.657004,-71.552476,2018
Pinus rigida,Massachusetts,41.699947,-70.141175,2018
Pinus rigida,Maine,44.327479,-68.295419,2018
Pinus rigida,Maine,44.327568,-68.295639,2018
Pinus rigida,Maryland,39.086809,-76.777613,2018
Pinus rigida,Maryland,39.08502,-76.801602,2018
Pinus rigida,Maine,44.231064,-68.313668,2018
Pinus rigida,New York,41.070472,-71.857021,2018
Pinus rigida,West Virginia,39.636625,-79.815534,2018
Pinus rigida,New York,40.904483,-73.091606,2018
Pinus rigida,New York,40.902275,-73.081933,2018
Pinus rigida,New York,43.622334,-73.547746,2018
Pinus rigida,Massachusetts,42.732631,-70.787675,2018
Pinus rigida,New York,40.59545,-73.903931,2018
Pinus rigida,Maryland,39.043311,-76.968903,2018
Pinus rigida,Massachusetts,42.212265,-71.114376,2018
Pinus rigida,Pennsylvania,39.727814,-76.073911,2018
Pinus rigida,Vermont,44.50095,-73.165122,2018
Pinus rigida,Vermont,44.50095,-73.165122,2018
Pinus rigida,Massachusetts,42.496054,-71.480061,2018
Pinus rigida,Massachusetts,42.514051,-71.47737,2018
Pinus rigida,Massachusetts,42.370644,-71.257964,2018
Pinus rigida,Massachusetts,42.496767,-71.486108,2018
Pinus rigida,New York,40.795239,-73.961468,2018
Pinus rigida,New York,41.310733,-74.006762,2018
Pinus rigida,Ohio,39.04947,-81.85564,2018
Pinus rigida,Connecticut,41.263498,-72.736896,2018
Pinus rigida,New York,41.425379,-73.967152,2018
Pinus rigida,New York,41.425896,-74.001623,2018
Pinus rigida,New Jersey,39.514953,-74.503285,2018
Pinus rigida,New York,42.703133,-73.8441,2018
Pinus rigida,Massachusetts,42.085225,-71.198015,2018
Pinus rigida,North Carolina,35.63348,-82.55651,2018
Pinus rigida,Massachusetts,42.366963,-71.256585,2018
Pinus rigida,New York,42.695658,-73.878784,2018
Pinus rigida,Massachusetts,41.84639,-70.680016,2018
Pinus rigida,Massachusetts,42.072934,-70.207631,2018
Pinus rigida,Massachusetts,42.370533,-71.258003,2018
Pinus rigida,Massachusetts,42.361126,-72.492157,2018
Pinus rigida,Massachusetts,42.369219,-71.258189,2018
Pinus rigida,Massachusetts,42.369499,-71.256568,2018
Pinus rigida,Massachusetts,42.350952,-72.483147,2018
Pinus rigida,New Jersey,39.7,-74.4,2018
Pinus rigida,Pennsylvania,40.029337,-78.191195,2018
Pinus rigida,New Hampshire,44.016833,-71.114604,2018
Pinus rigida,New Jersey,40.384917,-74.431589,2018
Pinus rigida,Maine,43.782575,-69.729291,2018
Pinus rigida,Massachusetts,42.434071,-71.198151,2018
Pinus rigida,New Jersey,39.320185,-74.511048,2018
Pinus rigida,New York,40.68144,-73.515354,2018
Pinus rigida,New York,40.594975,-73.903525,2018
Pinus rigida,New York,40.865124,-72.764149,2018
Pinus rigida,Vermont,44.454405,-73.229564,2018
Pinus rigida,Connecticut,41.264508,-72.739562,2018
Pinus rigida,Connecticut,41.425862,-72.83277,2018
Pinus rigida,Vermont,44.431589,-73.206824,2018
Pinus rigida,Connecticut,41.255253,-72.856365,2018
Pinus rigida,Massachusetts,42.301346,-72.334846,2018
Pinus rigida,New Jersey,40.436738,-74.150397,2018
Pinus rigida,Massachusetts,42.335433,-71.344538,2019
Pinus rigida,Massachusetts,42.335482,-71.344404,2019
Pinus rigida,New Hampshire,43.564835,-71.283058,2019
Pinus rigida,New York,40.987126,-72.529024,2019
Pinus rigida,New York,42.6969,-73.86145,2019
Pinus rigida,New Hampshire,42.815485,-71.583432,2019
Pinus rigida,Maine,44.330127,-68.22102,2019
Pinus rigida,Massachusetts,41.913028,-69.972497,2019
Pinus rigida,Massachusetts,42.63242,-71.157372,2019
Pinus rigida,Massachusetts,42.3498,-72.483978,2019
Pinus rigida,Pennsylvania,39.758083,-79.669883,2019
Pinus rigida,New York,40.950886,-72.077896,2019
Pinus rigida,New York,40.90856,-72.817263,2019
Pinus rigida,Massachusetts,41.644446,-70.217869,2019
Pinus rigida,New Jersey,39.95038,-74.1664,2019
Pinus rigida,New Jersey,40.034306,-74.079066,2019
Pinus rigida,New Jersey,40.042818,-74.086672,2019
Pinus rigida,New Jersey,40.044475,-74.086851,2019
Pinus rigida,Massachusetts,42.528374,-71.314735,2019
Pinus rigida,New Jersey,39.81559,-74.434128,2019
Pinus rigida,Ohio,39.082096,-82.62874,2019
Pinus rigida,Vermont,43.906495,-73.062989,2019
Pinus rigida,Massachusetts,42.247167,-73.34049,2019
Pinus rigida,New York,40.61723,-73.825142,2019
Pinus rigida,Massachusetts,41.380934,-70.479126,2019
Pinus rigida,Connecticut,41.905645,-72.698655,2019
Pinus rigida,Maine,43.889112,-69.983497,2019
Pinus rigida,Massachusetts,42.258747,-72.50058,2019
Pinus rigida,Massachusetts,42.182587,-72.509323,2019
Pinus rigida,Massachusetts,42.271469,-72.503365,2019
Pinus rigida,Massachusetts,41.83572,-71.269184,2019
Pinus rigida,Rhode Island,41.456672,-71.19362,2019
Pinus rigida,New Jersey,39.929748,-74.356781,2019
Pinus rigida,Connecticut,41.791105,-72.290618,2019
Pinus rigida,Massachusetts,42.313761,-72.704277,2019
Pinus rigida,Massachusetts,42.489782,-72.280653,2019
Pinus rigida,Massachusetts,41.67676,-70.06715,2019
Pinus rigida,Massachusetts,42.492888,-72.280557,2019
Pinus rigida,Massachusetts,42.495678,-72.279842,2019
Pinus rigida,Massachusetts,42.298023,-72.237275,2019
Pinus rigida,Massachusetts,42.673128,-71.56838,2019
Pinus rigida,Massachusetts,42.677218,-71.562035,2019
Pinus rigida,New Jersey,40.381854,-74.349469,2019
Pinus rigida,Massachusetts,42.143473,-72.72902,2019
Pinus rigida,Massachusetts,41.881863,-69.98887,2019
Pinus rigida,Massachusetts,41.700475,-70.111305,2019
Pinus rigida,Massachusetts,41.700505,-70.111258,2019
Pinus rigida,Massachusetts,41.742122,-70.015367,2019
Pinus rigida,Massachusetts,41.742072,-70.015167,2019
Pinus rigida,Massachusetts,41.70048,-70.111594,2019
Pinus rigida,Massachusetts,41.882105,-69.990442,2019
Pinus rigida,Massachusetts,41.71957,-70.041533,2019
Pinus rigida,New Jersey,41.321119,-74.661343,2019
Pinus rigida,New York,40.708138,-73.419913,2019
Pinus rigida,Virginia,38.106279,-78.783597,2019
Pinus rigida,New York,40.707717,-73.42173,2019
Pinus rigida,New York,44.468056,-73.637779,2019
Pinus rigida,New Jersey,39.469709,-75.356115,2019
Pinus rigida,North Carolina,35.48988,-83.405767,2019
Pinus rigida,Massachusetts,41.742164,-70.499533,2019
Pinus rigida,Massachusetts,42.445279,-71.099048,2019
Pinus rigida,New Jersey,39.706275,-74.375862,2019
Pinus rigida,Connecticut,41.982986,-72.524979,2019
Pinus rigida,New York,41.002169,-72.075463,2019
Pinus rigida,Massachusetts,42.503397,-72.274365,2019
Pinus rigida,Massachusetts,42.499662,-72.276822,2019
Pinus rigida,Massachusetts,42.518045,-72.291588,2019
Pinus rigida,Massachusetts,42.518625,-72.291697,2019
Pinus rigida,West Virginia,39.646327,-79.977796,2019
Pinus rigida,Connecticut,41.479054,-72.056959,2019
Pinus rigida,Massachusetts,42.220534,-72.193627,2019
Pinus rigida,Massachusetts,42.220719,-72.192226,2019
Pinus rigida,Massachusetts,42.22101,-72.193299,2019
Pinus rigida,Massachusetts,42.261954,-72.255185,2019
Pinus rigida,Virginia,37.443112,-80.276588,2019
Pinus rigida,Virginia,37.431328,-80.288567,2019
Pinus rigida,Virginia,37.422092,-80.276283,2019
Pinus rigida,Virginia,37.431034,-80.28888,2019
Pinus rigida,Virginia,37.431263,-80.288558,2019
Pinus rigida,Massachusetts,42.244923,-72.257762,2019
Pinus rigida,North Carolina,35.082839,-83.619653,2019
Pinus rigida,Massachusetts,42.065746,-72.283784,2019
Pinus rigida,Massachusetts,42.065746,-72.283784,2019
Pinus rigida,Massachusetts,42.225445,-72.312702,2019
Pinus rigida,Massachusetts,41.734005,-70.382438,2019
Pinus rigida,Pennsylvania,40.962616,-75.126864,2019
Pinus rigida,Massachusetts,42.689764,-71.057302,2019
Pinus rigida,Pennsylvania,39.727643,-76.074483,2019
Pinus rigida,Pennsylvania,39.738587,-76.040191,2019
Pinus rigida,North Carolina,35.047067,-83.187363,2019
Pinus rigida,New York,42.700172,-73.844764,2019
Pinus rigida,New York,41.736158,-74.195521,2019
Pinus rigida,New York,41.763113,-74.156089,2019
Pinus rigida,New York,40.54209,-74.229342,2019
Pinus rigida,North Carolina,35.083331,-83.619897,2019
Pinus rigida,Massachusetts,41.843573,-70.004498,2019
Pinus rigida,Pennsylvania,40.821259,-77.948341,2019
Pinus rigida,Pennsylvania,40.78318,-77.949783,2019
Pinus rigida,Maine,44.329174,-68.18412,2019
Pinus rigida,Massachusetts,42.032155,-70.050765,2019
Pinus rigida,New Jersey,39.828157,-74.54815,2019
Pinus rigida,Maine,44.327561,-68.18515,2019
Pinus rigida,New Jersey,39.333596,-74.585067,2019
Pinus rigida,New Jersey,39.494352,-74.532039,2019
Pinus rigida,Pennsylvania,40.010466,-77.38663,2019
Pinus rigida,New York,42.134533,-73.495628,2019
Pinus rigida,Pennsylvania,40.08978,-77.271001,2019
Pinus rigida,Massachusetts,42.532307,-72.26137,2019
Pinus rigida,Massachusetts,42.532322,-72.26144,2019
Pinus rigida,New Hampshire,42.951327,-70.822725,2019
Pinus rigida,Maine,44.326101,-68.220275,2019
Pinus rigida,Massachusetts,41.943103,-70.019126,2019
Pinus rigida,Massachusetts,41.654583,-69.962814,2019
Pinus rigida,Massachusetts,42.298952,-72.237446,2019
Pinus rigida,Massachusetts,41.675922,-70.165025,2019
Pinus rigida,New York,40.622313,-73.625434,2019
Pinus rigida,New Jersey,39.881089,-74.530316,2019
Pinus rigida,Massachusetts,42.267662,-72.632376,2019
Pinus rigida,New York,41.78867,-74.118561,2019
Pinus rigida,Indiana,39.541351,-87.234218,2019
Pinus rigida,New York,41.76427,-74.156236,2019
Pinus rigida,Massachusetts,42.440446,-71.341175,2019
Pinus rigida,Massachusetts,42.412293,-71.760303,2019
Pinus rigida,Maine,43.475556,-70.385833,2019
Pinus rigida,Massachusetts,41.272881,-70.205353,2019
Pinus rigida,Pennsylvania,40.872233,-75.738105,2019
Pinus rigida,Massachusetts,41.905179,-69.997849,2019
Pinus rigida,New York,40.891497,-72.434242,2019
Pinus rigida,New York,40.891353,-72.438688,2019
Pinus rigida,New York,40.891688,-72.43042,2019
Pinus rigida,Maine,44.081905,-68.868973,2019
Pinus rigida,Maine,44.349882,-68.19193,2019
Pinus rigida,Virginia,37.434217,-80.287063,2019
Pinus rigida,Virginia,37.434217,-80.287063,2019
Pinus rigida,New York,40.89537,-73.085417,2019
Pinus rigida,New York,40.895272,-73.08544,2019
Pinus rigida,Massachusetts,42.301282,-72.334898,2019
Pinus rigida,Massachusetts,42.528597,-72.294177,2019
Pinus rigida,Maine,44.353202,-68.267727,2019
Pinus rigida,Vermont,43.576111,-73.409164,2019
Pinus rigida,Virginia,37.430083,-80.281372,2019
Pinus rigida,Massachusetts,41.641442,-70.554907,2019
Pinus rigida,Maine,44.355713,-68.192612,2019
Pinus rigida,New York,40.692253,-73.45382,2019
Pinus rigida,New York,40.782479,-73.307419,2019
Pinus rigida,Massachusetts,42.222578,-72.310493,2019
Pinus rigida,New York,44.355022,-73.357842,2019
Pinus rigida,New York,44.354928,-73.358528,2019
Pinus rigida,New Jersey,39.377018,-74.563885,2019
Pinus rigida,New Jersey,39.493156,-74.533386,2019
Pinus rigida,Massachusetts,41.813237,-70.891757,2019
Pinus rigida,Maine,44.354269,-68.21628,2019
Pinus rigida,Pennsylvania,39.739727,-75.946242,2019
Pinus rigida,North Carolina,35.166547,-83.035911,2019
Pinus rigida,Massachusetts,41.857842,-69.965338,2019
Pinus rigida,Massachusetts,42.184221,-72.304536,2019
Pinus rigida,Massachusetts,42.44786,-71.116918,2019
Pinus rigida,Massachusetts,41.559879,-70.621941,2019
Pinus rigida,Massachusetts,41.869006,-70.596839,2019
Pinus rigida,Massachusetts,41.909128,-70.619103,2019
Pinus rigida,Massachusetts,41.909128,-70.619103,2019
Pinus rigida,Massachusetts,41.887292,-70.611719,2019
Pinus rigida,Massachusetts,41.869006,-70.596839,2019
Pinus rigida,Massachusetts,41.887292,-70.611719,2019
Pinus rigida,Massachusetts,41.869006,-70.596839,2019
Pinus rigida,Massachusetts,41.869006,-70.596839,2019
Pinus rigida,Massachusetts,41.869006,-70.596839,2019
Pinus rigida,Massachusetts,41.887292,-70.611719,2019
Pinus rigida,Massachusetts,41.887292,-70.611719,2019
Pinus rigida,Massachusetts,41.869006,-70.596839,2019
Pinus rigida,Massachusetts,41.872608,-70.600894,2019
Pinus rigida,Massachusetts,41.909128,-70.619103,2019
Pinus rigida,Massachusetts,41.869006,-70.596839,2019
Pinus rigida,Massachusetts,41.887136,-70.609222,2019
Pinus rigida,Massachusetts,41.869006,-70.596839,2019
Pinus rigida,Massachusetts,41.887292,-70.611719,2019
Pinus rigida,Massachusetts,41.877567,-70.600672,2019
Pinus rigida,Massachusetts,41.909128,-70.619103,2019
Pinus rigida,Massachusetts,41.869006,-70.596839,2019
Pinus rigida,Maine,43.57615,-70.344657,2019
Pinus rigida,Massachusetts,42.532966,-71.525317,2019
Pinus rigida,Massachusetts,42.36943,-71.256788,2019
Pinus rigida,Massachusetts,42.681933,-70.758119,2019
Pinus rigida,Massachusetts,42.660843,-71.706599,2019
Pinus rigida,West Virginia,39.140994,-79.115442,2019
Pinus rigida,Massachusetts,41.64236,-70.601805,2019
Pinus rigida,Ohio,39.301363,-82.583669,2019
Pinus rigida,Massachusetts,42.440283,-71.335613,2019
Pinus rigida,New York,41.012564,-72.035794,2019
Pinus rigida,Maine,44.327448,-68.193216,2019
Pinus rigida,New York,42.713523,-73.861011,2019
Pinus rigida,New York,42.712958,-73.860528,2019
Pinus rigida,Massachusetts,42.532505,-72.26698,2019
Pinus rigida,Maine,44.231267,-68.31388,2019
Pinus rigida,New Jersey,39.833746,-74.989723,2019
Pinus rigida,Massachusetts,42.405857,-71.456888,2019
Pinus rigida,Massachusetts,41.277547,-70.070503,2019
Pinus rigida,Maine,43.888976,-69.983418,2019
Pinus rigida,New Jersey,39.818142,-74.850019,2019
Pinus rigida,New York,40.897889,-72.744958,2019
Pinus rigida,New York,40.877875,-72.779153,2019
Pinus rigida,New York,40.852603,-72.848319,2019
Pinus rigida,New York,40.893028,-72.749956,2019
Pinus rigida,New York,40.851203,-72.855553,2019
Pinus rigida,New York,40.887069,-72.758103,2019
Pinus rigida,New York,40.904828,-72.723489,2019
Pinus rigida,New York,40.908025,-72.692939,2019
Pinus rigida,New York,40.877797,-72.779494,2019
Pinus rigida,New York,40.912842,-72.680236,2019
Pinus rigida,New York,40.876986,-72.783089,2019
Pinus rigida,New York,40.855586,-72.840531,2019
Pinus rigida,New York,40.905139,-72.720886,2019
Pinus rigida,New York,40.908025,-72.692939,2019
Pinus rigida,New York,40.850539,-72.869628,2019
Pinus rigida,New York,40.908864,-72.685997,2019
Pinus rigida,New York,40.904464,-72.726258,2019
Pinus rigida,New York,40.907742,-72.695336,2019
Pinus rigida,New York,40.849208,-72.877931,2019
Pinus rigida,New York,40.904422,-72.726547,2019
Pinus rigida,New York,40.903825,-72.729422,2019
Pinus rigida,New York,40.911833,-72.681344,2019
Pinus rigida,New York,40.815636,-73.084031,2019
Pinus rigida,New York,40.904586,-72.72535,2019
Pinus rigida,New York,40.899911,-72.743356,2019
Pinus rigida,New York,40.877717,-72.779822,2019
Pinus rigida,New York,40.903969,-72.72885,2019
Pinus rigida,New York,40.851303,-72.854767,2019
Pinus rigida,New York,40.889319,-72.754997,2019
Pinus rigida,New York,40.907742,-72.695336,2019
Pinus rigida,New York,40.903208,-72.732369,2019
Pinus rigida,New York,40.908025,-72.692939,2019
Pinus rigida,New York,40.905556,-72.71785,2019
Pinus rigida,New York,40.891633,-72.751756,2019
Pinus rigida,New York,40.900089,-72.743211,2019
Pinus rigida,New York,40.904144,-72.727997,2019
Pinus rigida,New York,40.896992,-72.745711,2019
Pinus rigida,New York,40.848519,-72.880403,2019
Pinus rigida,New York,40.908219,-72.689758,2019
Pinus rigida,New York,40.878381,-72.777108,2019
Pinus rigida,New York,40.878292,-72.777442,2019
Pinus rigida,New York,40.854817,-72.842225,2019
Pinus rigida,New York,40.897689,-72.745117,2019
Pinus rigida,New York,40.849125,-72.878297,2019
Pinus rigida,New York,40.903764,-72.729714,2019
Pinus rigida,New York,40.870394,-72.804619,2019
Pinus rigida,New York,40.909364,-72.684783,2019
Pinus rigida,New York,40.905139,-72.720886,2019
Pinus rigida,New York,40.907964,-72.693628,2019
Pinus rigida,New York,40.903328,-72.731772,2019
Pinus rigida,New York,40.895242,-72.747519,2019
Pinus rigida,New York,40.888375,-72.756278,2019
Pinus rigida,New York,40.904019,-72.728561,2019
Pinus rigida,New York,40.905189,-72.72055,2019
Pinus rigida,New York,40.888758,-72.755761,2019
Pinus rigida,New York,40.851703,-72.852225,2019
Pinus rigida,New York,40.910283,-72.683189,2019
Pinus rigida,New York,40.907611,-72.696,2019
Pinus rigida,New York,40.850089,-72.873781,2019
Pinus rigida,New York,40.877483,-72.780853,2019
Pinus rigida,New York,40.899911,-72.743356,2019
Pinus rigida,New York,40.892686,-72.750389,2019
Pinus rigida,New York,40.897147,-72.745567,2019
Pinus rigida,New York,40.895417,-72.747336,2019
Pinus rigida,New York,40.888183,-72.756522,2019
Pinus rigida,New York,40.890942,-72.752725,2019
Pinus rigida,New York,40.815506,-73.085547,2019
Pinus rigida,New York,40.908025,-72.692939,2019
Pinus rigida,New York,40.851772,-72.851861,2019
Pinus rigida,New York,40.891108,-72.752481,2019
Pinus rigida,New York,40.850578,-72.868897,2019
Pinus rigida,New York,40.887811,-72.757033,2019
Pinus rigida,New York,40.877644,-72.780167,2019
Pinus rigida,New York,40.908508,-72.687347,2019
Pinus rigida,New York,40.851519,-72.853294,2019
Pinus rigida,New York,40.810311,-73.149619,2019
Pinus rigida,New York,40.849403,-72.877197,2019
Pinus rigida,New York,40.856033,-72.839561,2019
Pinus rigida,New York,40.8782,-72.777786,2019
Pinus rigida,New York,40.892161,-72.751075,2019
Pinus rigida,New York,40.849036,-72.878656,2019
Pinus rigida,New York,40.850242,-72.872642,2019
Pinus rigida,New York,40.914392,-72.678436,2019
Pinus rigida,New York,40.894897,-72.747886,2019
Pinus rigida,New York,40.899556,-72.743622,2019
Pinus rigida,New York,40.804703,-73.273828,2019
Pinus rigida,New York,40.887992,-72.756783,2019
Pinus rigida,New York,40.907836,-72.694656,2019
Pinus rigida,New York,40.898075,-72.744789,2019
Pinus rigida,New York,40.84995,-72.874533,2019
Pinus rigida,New York,40.9091,-72.685378,2019
Pinus rigida,New York,40.877953,-72.778808,2019
Pinus rigida,New York,40.857825,-72.835639,2019
Pinus rigida,New York,40.902758,-72.740503,2019
Pinus rigida,New York,40.889858,-72.754219,2019
Pinus rigida,New York,40.896439,-72.746247,2019
Pinus rigida,New York,40.894353,-72.74845,2019
Pinus rigida,New York,40.850614,-72.868164,2019
Pinus rigida,New York,40.850494,-72.870353,2019
Pinus rigida,New York,40.908025,-72.692939,2019
Pinus rigida,New York,40.877122,-72.782469,2019
Pinus rigida,New York,40.856625,-72.838256,2019
Pinus rigida,New York,40.896439,-72.746247,2019
Pinus rigida,New York,40.878475,-72.776764,2019
Pinus rigida,New York,40.911428,-72.681794,2019
Pinus rigida,New York,40.865331,-72.818786,2019
Pinus rigida,New York,40.904622,-72.725044,2019
Pinus rigida,New York,40.851406,-72.854019,2019
Pinus rigida,New York,40.896636,-72.746064,2019
Pinus rigida,New York,40.889675,-72.754464,2019
Pinus rigida,New York,40.909225,-72.685081,2019
Pinus rigida,New York,40.878569,-72.776436,2019
Pinus rigida,New York,40.851519,-72.853294,2019
Pinus rigida,New York,40.848178,-72.881439,2019
Pinus rigida,New York,40.870269,-72.804956,2019
Pinus rigida,New York,40.910644,-72.682686,2019
Pinus rigida,New York,40.913631,-72.679336,2019
Pinus rigida,New York,40.889133,-72.75525,2019
Pinus rigida,New York,40.899206,-72.743919,2019
Pinus rigida,New York,40.898267,-72.744653,2019
Pinus rigida,New York,40.852078,-72.850411,2019
Pinus rigida,New York,40.898464,-72.744514,2019
Pinus rigida,New York,40.895589,-72.747169,2019
Pinus rigida,New York,40.896072,-72.746658,2019
Pinus rigida,New York,40.891803,-72.751525,2019
Pinus rigida,New York,40.899028,-72.744064,2019
Pinus rigida,New York,40.897339,-72.7454,2019
Pinus rigida,New York,40.891281,-72.752236,2019
Pinus rigida,New York,40.908025,-72.692939,2019
Pinus rigida,New York,40.908025,-72.692939,2019
Pinus rigida,New York,40.888758,-72.755761,2019
Pinus rigida,New York,40.857675,-72.835975,2019
Pinus rigida,New York,40.878667,-72.776108,2019
Pinus rigida,New York,40.909961,-72.683692,2019
Pinus rigida,New York,40.877178,-72.788711,2019
Pinus rigida,New York,40.851458,-72.853644,2019
Pinus rigida,New York,40.849567,-72.87645,2019
Pinus rigida,New York,40.852325,-72.84935,2019
Pinus rigida,New York,40.895775,-72.747008,2019
Pinus rigida,New York,40.912647,-72.680458,2019
Pinus rigida,New York,40.805664,-73.245864,2019
Pinus rigida,New York,40.912042,-72.681122,2019
Pinus rigida,New York,40.896072,-72.746658,2019
Pinus rigida,New York,40.852078,-72.850411,2019
Pinus rigida,New York,40.894536,-72.748261,2019
Pinus rigida,New York,40.877044,-72.782769,2019
Pinus rigida,New York,40.912444,-72.680672,2019
Pinus rigida,New York,40.914994,-72.677383,2019
Pinus rigida,New York,40.904206,-72.727714,2019
Pinus rigida,New York,40.908025,-72.692939,2019
Pinus rigida,New York,40.888578,-72.756036,2019
Pinus rigida,New York,40.908025,-72.692939,2019
Pinus rigida,New York,40.904319,-72.727133,2019
Pinus rigida,New York,40.870686,-72.803947,2019
Pinus rigida,New York,40.8506,-72.868514,2019
Pinus rigida,New York,40.850292,-72.872261,2019
Pinus rigida,New York,40.85135,-72.854392,2019
Pinus rigida,New York,40.908025,-72.692939,2019
Pinus rigida,New York,40.894725,-72.748069,2019
Pinus rigida,New York,40.904319,-72.727133,2019
Pinus rigida,New York,40.904275,-72.727425,2019
Pinus rigida,New York,40.904086,-72.728278,2019
Pinus rigida,New York,40.827892,-72.943794,2019
Pinus rigida,New York,40.847936,-72.882119,2019
Pinus rigida,New York,40.850525,-72.869986,2019
Pinus rigida,New York,40.908025,-72.692939,2019
Pinus rigida,New York,40.898644,-72.744392,2019
Pinus rigida,New York,40.914039,-72.678908,2019
Pinus rigida,New York,40.899381,-72.743767,2019
Pinus rigida,New York,40.893769,-72.7491,2019
Pinus rigida,New York,40.904828,-72.723489,2019
Pinus rigida,New York,40.850192,-72.873025,2019
Pinus rigida,New York,40.907836,-72.694656,2019
Pinus rigida,New York,40.913436,-72.679558,2019
Pinus rigida,New York,40.851575,-72.852936,2019
Pinus rigida,New York,40.913039,-72.680008,2019
Pinus rigida,New York,40.909644,-72.684242,2019
Pinus rigida,New York,40.914567,-72.678192,2019
Pinus rigida,New York,40.853969,-72.844261,2019
Pinus rigida,New York,40.786839,-73.450439,2019
Pinus rigida,New York,40.892508,-72.750617,2019
Pinus rigida,New York,40.808894,-73.216239,2019
Pinus rigida,Massachusetts,41.290537,-70.177095,2019
Pinus rigida,New York,40.878033,-72.778464,2019
Pinus rigida,New York,40.877044,-72.782769,2019
Pinus rigida,New York,40.786603,-73.449783,2019
Pinus rigida,New York,40.908025,-72.692939,2019
Pinus rigida,New York,40.877875,-72.779153,2019
Pinus rigida,New York,40.853008,-72.846956,2019
Pinus rigida,New York,40.852153,-72.850058,2019
Pinus rigida,New York,40.854964,-72.841881,2019
Pinus rigida,New York,40.904019,-72.728561,2019
Pinus rigida,New York,40.898842,-72.744239,2019
Pinus rigida,New York,40.877178,-72.788711,2019
Pinus rigida,New York,40.849036,-72.878656,2019
Pinus rigida,New York,40.897514,-72.745261,2019
Pinus rigida,New York,40.851253,-72.855147,2019
Pinus rigida,New York,40.847406,-72.883461,2019
Pinus rigida,New York,40.911025,-72.682244,2019
Pinus rigida,New York,40.887992,-72.756783,2019
Pinus rigida,New York,40.904944,-72.722519,2019
Pinus rigida,New York,40.810453,-73.148567,2019
Pinus rigida,Rhode Island,41.75135,-71.279883,2019
Pinus rigida,Massachusetts,41.919984,-70.541536,2019
Pinus rigida,Massachusetts,42.040871,-70.077354,2019
Pinus rigida,Massachusetts,42.412194,-71.704014,2019
Pinus rigida,Pennsylvania,39.733206,-76.040509,2019
Pinus rigida,Massachusetts,41.781235,-70.546173,2019
Pinus rigida,Massachusetts,41.780746,-70.546394,2019
Pinus rigida,Massachusetts,41.788246,-70.545273,2019
Pinus rigida,Massachusetts,41.780125,-70.543671,2019
Pinus rigida,Massachusetts,41.780125,-70.543671,2019
Pinus rigida,Massachusetts,41.77898,-70.54351,2019
Pinus rigida,Pennsylvania,39.738637,-75.947342,2019
Pinus rigida,Pennsylvania,39.739162,-75.94718,2019
Pinus rigida,New York,40.75722,-73.152058,2019
Pinus rigida,New York,40.783314,-72.981414,2019
Pinus rigida,New York,40.788503,-72.948097,2019
Pinus rigida,New York,40.802053,-72.887047,2019
Pinus rigida,New York,40.748406,-73.272094,2019
Pinus rigida,New York,40.825833,-72.774125,2019
Pinus rigida,New York,40.787769,-72.959564,2019
Pinus rigida,New York,40.782078,-72.986756,2019
Pinus rigida,New York,40.812692,-72.851289,2019
Pinus rigida,New York,40.81,-72.856422,2019
Pinus rigida,New York,40.769869,-73.054742,2019
Pinus rigida,New York,40.788803,-72.943536,2019
Pinus rigida,New York,40.748128,-73.251839,2019
Pinus rigida,New York,40.783172,-72.982042,2019
Pinus rigida,New York,40.734108,-73.292647,2019
Pinus rigida,New York,40.788822,-72.943222,2019
Pinus rigida,New York,40.738742,-73.283692,2019
Pinus rigida,New York,40.826636,-72.770425,2019
Pinus rigida,New York,40.828683,-72.762406,2019
Pinus rigida,New York,40.747994,-73.252364,2019
Pinus rigida,New York,40.813381,-72.849922,2019
Pinus rigida,New York,40.747653,-73.256789,2019
Pinus rigida,New York,40.802594,-72.878342,2019
Pinus rigida,New York,40.747681,-73.257089,2019
Pinus rigida,New York,40.782958,-72.982978,2019
Pinus rigida,New York,40.806511,-72.863236,2019
Pinus rigida,New York,40.821697,-72.825164,2019
Pinus rigida,New York,40.747806,-73.257972,2019
Pinus rigida,New York,40.737969,-73.284478,2019
Pinus rigida,New York,40.724769,-73.38195,2019
Pinus rigida,New York,40.786542,-72.967231,2019
Pinus rigida,New York,40.812278,-72.852075,2019
Pinus rigida,New York,40.785183,-72.973167,2019
Pinus rigida,New York,40.821919,-72.823111,2019
Pinus rigida,New York,40.869392,-72.643128,2019
Pinus rigida,New York,40.809422,-72.857483,2019
Pinus rigida,New York,40.739575,-73.282928,2019
Pinus rigida,New York,40.750808,-73.128997,2019
Pinus rigida,New York,40.762147,-73.093689,2019
Pinus rigida,New York,40.784244,-72.977286,2019
Pinus rigida,New York,40.827086,-72.690225,2019
Pinus rigida,New York,40.783672,-72.979828,2019
Pinus rigida,New York,40.8073,-72.861558,2019
Pinus rigida,New York,40.825717,-72.774728,2019
Pinus rigida,New York,40.827236,-72.691086,2019
Pinus rigida,New York,40.828308,-72.763772,2019
Pinus rigida,New York,40.787983,-72.956314,2019
Pinus rigida,New York,40.788886,-72.942239,2019
Pinus rigida,New York,40.792247,-72.924294,2019
Pinus rigida,New York,40.810719,-72.855025,2019
Pinus rigida,New York,40.806392,-72.863511,2019
Pinus rigida,New York,40.748311,-73.14685,2019
Pinus rigida,New York,40.829492,-72.760056,2019
Pinus rigida,New York,40.812819,-72.851028,2019
Pinus rigida,New York,40.789878,-72.933144,2019
Pinus rigida,New York,40.747758,-73.257692,2019
Pinus rigida,New York,40.786183,-72.968789,2019
Pinus rigida,New York,40.78675,-72.966269,2019
Pinus rigida,New York,40.789106,-72.938981,2019
Pinus rigida,New York,40.720225,-73.403228,2019
Pinus rigida,New York,40.827,-72.768769,2019
Pinus rigida,New York,40.788586,-72.946464,2019
Pinus rigida,New York,40.749778,-73.248086,2019
Pinus rigida,New York,40.788989,-72.940619,2019
Pinus rigida,New York,40.788261,-72.95205,2019
Pinus rigida,New York,40.732053,-73.346825,2019
Pinus rigida,New York,40.7935,-72.920533,2019
Pinus rigida,New York,40.747606,-73.255264,2019
Pinus rigida,New York,40.788067,-72.955008,2019
Pinus rigida,New York,40.706469,-73.429864,2019
Pinus rigida,New York,40.812553,-72.851547,2019
Pinus rigida,New York,40.784664,-72.975342,2019
Pinus rigida,New York,40.7085,-73.418931,2019
Pinus rigida,New York,40.825656,-72.775056,2019
Pinus rigida,New York,40.707567,-73.422897,2019
Pinus rigida,New York,40.787128,-72.964417,2019
Pinus rigida,New York,40.782669,-72.984244,2019
Pinus rigida,New York,40.783458,-72.980781,2019
Pinus rigida,New York,40.788928,-72.941597,2019
Pinus rigida,New York,40.789056,-72.939628,2019
Pinus rigida,New York,40.789547,-72.935081,2019
Pinus rigida,New York,40.768936,-73.062225,2019
Pinus rigida,New York,40.787889,-72.957956,2019
Pinus rigida,New York,40.788383,-72.950067,2019
Pinus rigida,New York,40.786322,-72.968192,2019
Pinus rigida,New York,40.831578,-72.752944,2019
Pinus rigida,New York,40.787669,-72.960556,2019
Pinus rigida,New York,40.785961,-72.969733,2019
Pinus rigida,New York,40.748408,-73.145828,2019
Pinus rigida,New York,40.792178,-72.924614,2019
Pinus rigida,New York,40.747647,-73.254692,2019
Pinus rigida,New York,40.748119,-73.272942,2019
Pinus rigida,New York,40.748419,-73.145583,2019
Pinus rigida,New York,40.739789,-73.282744,2019
Pinus rigida,New York,40.788022,-72.955672,2019
Pinus rigida,New York,40.794056,-72.9187,2019
Pinus rigida,New York,40.7831,-72.982353,2019
Pinus rigida,New York,40.787903,-72.957625,2019
Pinus rigida,New York,40.769036,-73.061233,2019
Pinus rigida,New York,40.797706,-72.907281,2019
Pinus rigida,New York,40.828953,-72.761642,2019
Pinus rigida,New York,40.769814,-73.055061,2019
Pinus rigida,New York,40.787706,-72.960228,2019
Pinus rigida,New York,40.810858,-72.854758,2019
Pinus rigida,New York,40.829308,-72.760589,2019
Pinus rigida,New York,40.828597,-72.762672,2019
Pinus rigida,New York,40.788472,-72.948753,2019
Pinus rigida,New York,40.744258,-73.279067,2019
Pinus rigida,New York,40.783597,-72.980156,2019
Pinus rigida,New York,40.781739,-72.988297,2019
Pinus rigida,New York,40.821981,-72.822472,2019
Pinus rigida,New York,40.825897,-72.773803,2019
Pinus rigida,New York,40.786617,-72.966911,2019
Pinus rigida,New York,40.811856,-72.852883,2019
Pinus rigida,New York,40.80515,-72.866722,2019
Pinus rigida,New York,40.719783,-73.405092,2019
Pinus rigida,New York,40.738556,-73.283897,2019
Pinus rigida,New York,40.784803,-72.974725,2019
Pinus rigida,New York,40.786469,-72.967544,2019
Pinus rigida,New York,40.74865,-73.271239,2019
Pinus rigida,New York,40.812139,-72.852342,2019
Pinus rigida,New York,40.749203,-73.266075,2019
Pinus rigida,New York,40.811572,-72.853425,2019
Pinus rigida,New York,40.72005,-73.404183,2019
Pinus rigida,New York,40.828861,-72.761878,2019
Pinus rigida,New York,40.813117,-72.850486,2019
Pinus rigida,New York,40.747928,-73.252639,2019
Pinus rigida,New York,40.788308,-72.951386,2019
Pinus rigida,New York,40.828383,-72.763481,2019
Pinus rigida,New York,40.806764,-72.862672,2019
Pinus rigida,New York,40.709003,-73.417433,2019
Pinus rigida,New York,40.770172,-73.053153,2019
Pinus rigida,New York,40.747861,-73.258264,2019
Pinus rigida,New York,40.784022,-72.978247,2019
Pinus rigida,New York,40.794528,-72.917192,2019
Pinus rigida,New York,40.77005,-73.053786,2019
Pinus rigida,New York,40.738942,-73.2835,2019
Pinus rigida,New York,40.782739,-72.983939,2019
Pinus rigida,New York,40.736375,-73.286553,2019
Pinus rigida,New York,40.748456,-73.144547,2019
Pinus rigida,New York,40.827183,-72.690856,2019
Pinus rigida,New York,40.789192,-72.937997,2019
Pinus rigida,New York,40.787944,-72.956964,2019
Pinus rigida,New York,40.788217,-72.952728,2019
Pinus rigida,New York,40.816353,-72.844161,2019
Pinus rigida,New York,40.785464,-72.971917,2019
Pinus rigida,New York,40.814922,-72.846925,2019
Pinus rigida,New York,40.721317,-73.394019,2019
Pinus rigida,New York,40.744444,-73.278878,2019
Pinus rigida,New York,40.745197,-73.2781,2019
Pinus rigida,New York,40.770111,-73.053467,2019
Pinus rigida,New York,40.815231,-72.846367,2019
Pinus rigida,New York,40.825492,-72.683936,2019
Pinus rigida,New York,40.8256,-72.775344,2019
Pinus rigida,New York,40.748875,-73.249825,2019
Pinus rigida,New York,40.807025,-72.862114,2019
Pinus rigida,New York,40.783389,-72.981094,2019
Pinus rigida,New York,40.782811,-72.983619,2019
Pinus rigida,New York,40.813958,-72.848853,2019
Pinus rigida,New York,40.809861,-72.856697,2019
Pinus rigida,New York,40.751003,-73.128381,2019
Pinus rigida,New York,40.813817,-72.849122,2019
Pinus rigida,New York,40.845939,-72.720108,2019
Pinus rigida,New York,40.784083,-72.977928,2019
Pinus rigida,New York,40.827542,-72.693297,2019
Pinus rigida,New York,40.761892,-73.094606,2019
Pinus rigida,New York,40.816639,-72.84365,2019
Pinus rigida,New York,40.788717,-72.944847,2019
Pinus rigida,New York,40.788175,-72.953392,2019
Pinus rigida,New York,40.738347,-73.284094,2019
Pinus rigida,New York,40.825542,-72.775636,2019
Pinus rigida,New York,40.787753,-72.961419,2019
Pinus rigida,New York,40.737778,-73.284675,2019
Pinus rigida,New York,40.83393,-72.618027,2019
Pinus rigida,New York,40.773047,-73.044106,2019
Pinus rigida,New York,40.785811,-72.970361,2019
Pinus rigida,New York,40.813667,-72.849389,2019
Pinus rigida,New York,40.839237,-72.61461,2019
Pinus rigida,New York,40.588393,-73.543303,2019
Pinus rigida,New York,41.345038,-74.189933,2019
Pinus rigida,Massachusetts,42.735944,-70.790683,2019
Pinus rigida,New York,41.513627,-73.85727,2019
Pinus rigida,New York,40.589537,-73.55423,2019
Pinus rigida,New Jersey,39.832276,-74.178507,2019
Pinus rigida,New Jersey,39.830819,-74.177672,2019
Pinus rigida,New Jersey,39.831821,-74.178382,2019
Pinus rigida,New Jersey,40.036162,-74.081739,2019
Pinus rigida,New Jersey,40.036162,-74.081739,2019
Pinus rigida,New Jersey,40.040445,-74.082817,2019
Pinus rigida,New Jersey,40.040445,-74.082817,2019
Pinus rigida,New Jersey,40.040445,-74.082817,2019
Pinus rigida,New Jersey,40.040382,-74.084188,2019
Pinus rigida,New Jersey,40.040445,-74.082817,2019
Pinus rigida,New Jersey,40.040445,-74.082817,2019
Pinus rigida,Connecticut,41.539378,-71.809862,2019
Pinus rigida,New York,40.823497,-72.794014,2019
Pinus rigida,New York,40.822872,-72.8114,2019
Pinus rigida,New York,40.822853,-72.811736,2019
Pinus rigida,New York,40.82225,-72.818581,2019
Pinus rigida,New York,40.822578,-72.815467,2019
Pinus rigida,New York,40.823594,-72.791742,2019
Pinus rigida,New York,40.821778,-72.822822,2019
Pinus rigida,New York,40.825283,-72.777078,2019
Pinus rigida,New York,40.825389,-72.776497,2019
Pinus rigida,New York,40.825097,-72.778206,2019
Pinus rigida,New York,40.824056,-72.785958,2019
Pinus rigida,New York,40.825492,-72.775925,2019
Pinus rigida,New York,40.822322,-72.817933,2019
Pinus rigida,New York,40.823903,-72.787644,2019
Pinus rigida,New York,40.816942,-72.843117,2019
Pinus rigida,New York,40.822886,-72.811072,2019
Pinus rigida,New York,40.825333,-72.776786,2019
Pinus rigida,New York,40.822753,-72.813408,2019
Pinus rigida,New York,40.822292,-72.818261,2019
Pinus rigida,New York,40.824558,-72.781769,2019
Pinus rigida,New York,40.822833,-72.812064,2019
Pinus rigida,New York,40.817097,-72.842858,2019
Pinus rigida,New York,40.822778,-72.813072,2019
Pinus rigida,New York,40.822103,-72.819886,2019
Pinus rigida,New York,40.822706,-72.814056,2019
Pinus rigida,New York,40.821461,-72.825753,2019
Pinus rigida,New York,40.822947,-72.810111,2019
Pinus rigida,New York,40.824092,-72.785422,2019
Pinus rigida,New York,40.822186,-72.819228,2019
Pinus rigida,New York,40.823528,-72.793358,2019
Pinus rigida,North Carolina,36.089175,-81.645338,2019
Pinus rigida,Massachusetts,42.071228,-70.218532,2019
Pinus rigida,Massachusetts,42.212268,-71.114526,2019
Pinus rigida,Massachusetts,42.299893,-71.304973,2019
Pinus rigida,Massachusetts,41.869242,-70.775401,2019
Pinus rigida,Massachusetts,42.299888,-71.305518,2019
Pinus rigida,Massachusetts,42.299833,-71.304971,2019
Pinus rigida,New York,40.496711,-74.246253,2019
Pinus rigida,New Jersey,39.812498,-74.548101,2019
Pinus rigida,Massachusetts,42.732292,-70.789291,2019
Pinus rigida,New Jersey,39.813862,-74.547718,2019
Pinus rigida,New Jersey,39.869019,-74.604538,2019
Pinus rigida,New Jersey,39.861759,-74.612358,2019
Pinus rigida,Massachusetts,42.447905,-71.087867,2019
Pinus rigida,Massachusetts,42.448184,-71.559992,2019
Pinus rigida,Massachusetts,42.514626,-71.316946,2019
Pinus rigida,Massachusetts,42.470455,-71.654013,2019
Pinus rigida,Massachusetts,42.480736,-70.986764,2019
Pinus rigida,Massachusetts,42.006649,-70.883075,2019
Pinus rigida,Massachusetts,42.741762,-70.795007,2019
Pinus rigida,Maryland,39.010895,-76.86702,2019
Pinus rigida,Massachusetts,42.385158,-71.255014,2019
Pinus rigida,Massachusetts,42.29674,-71.31252,2019
Pinus rigida,Rhode Island,41.728078,-71.57263,2019
Pinus rigida,Massachusetts,42.084387,-71.610745,2019
Pinus rigida,Massachusetts,41.96769,-70.643921,2019
Pinus rigida,Connecticut,41.703648,-72.558601,2019
Pinus rigida,Connecticut,41.705666,-72.558609,2019
Pinus rigida,Connecticut,41.716839,-72.598732,2019
Pinus rigida,Pennsylvania,39.727939,-76.074527,2019
Pinus rigida,Connecticut,41.714942,-72.528159,2019
Pinus rigida,Pennsylvania,39.738661,-76.039839,2019
Pinus rigida,New York,40.633736,-73.343667,2019
Pinus rigida,New York,40.597453,-73.494522,2019
Pinus rigida,New York,40.588238,-73.555922,2019
Pinus rigida,New York,40.588692,-73.554572,2019
Pinus rigida,New York,40.588708,-73.55448,2019
Pinus rigida,New York,40.588787,-73.554275,2019
Pinus rigida,New York,40.934894,-72.665886,2019
Pinus rigida,New York,40.852458,-72.850089,2019
Pinus rigida,New York,40.853558,-72.846275,2019
Pinus rigida,New York,40.903728,-72.817712,2019
Pinus rigida,New York,40.851131,-72.862397,2019
Pinus rigida,New York,40.903837,-72.816978,2019
Pinus rigida,New York,40.943415,-73.750336,2019
Pinus rigida,New York,40.903228,-72.672287,2019
Pinus rigida,New York,40.589583,-73.552338,2019
Pinus rigida,Massachusetts,42.343999,-72.226277,2019
Pinus rigida,New York,40.639522,-73.301169,2019
Pinus rigida,New York,40.603886,-73.458672,2019
Pinus rigida,New York,40.596869,-73.508492,2019
Pinus rigida,New York,40.605606,-73.45005,2019
Pinus rigida,New York,40.600883,-73.473747,2019
Pinus rigida,New York,40.630967,-73.352653,2019
Pinus rigida,New York,40.601186,-73.471589,2019
Pinus rigida,New York,40.619883,-73.389053,2019
Pinus rigida,New York,40.639531,-73.301414,2019
Pinus rigida,New York,40.602361,-73.465058,2019
Pinus rigida,New York,40.603256,-73.508408,2019
Pinus rigida,New York,40.609161,-73.431847,2019
Pinus rigida,New York,40.603417,-73.460761,2019
Pinus rigida,New York,40.604172,-73.457328,2019
Pinus rigida,New York,40.605658,-73.449797,2019
Pinus rigida,New York,40.601319,-73.47075,2019
Pinus rigida,New York,40.633817,-73.343422,2019
Pinus rigida,Massachusetts,42.530419,-70.979319,2019
Pinus rigida,New York,40.589833,-73.55023,2019
Pinus rigida,New York,40.823939,-72.998231,2019
Pinus rigida,New York,40.617883,-73.828328,2019
Pinus rigida,New Jersey,40.297284,-74.727358,2019
Pinus rigida,Kentucky,37.773154,-83.685395,2019
Pinus rigida,Massachusetts,42.36569,-71.258877,2019
Pinus rigida,Massachusetts,41.789494,-71.078214,2019
Pinus rigida,New York,40.770547,-73.479797,2019
Pinus rigida,New York,40.75433,-73.474472,2019
Pinus rigida,New York,40.788005,-73.48497,2019
Pinus rigida,New York,40.773812,-73.481278,2019
Pinus rigida,New York,40.789325,-73.485397,2019
Pinus rigida,New York,40.751153,-73.474097,2019
Pinus rigida,New York,40.719628,-73.475992,2019
Pinus rigida,New York,40.774237,-73.481462,2019
Pinus rigida,New York,40.779288,-73.482462,2019
Pinus rigida,New York,40.742387,-73.473853,2019
Pinus rigida,New York,40.639983,-73.268958,2019
Pinus rigida,New York,40.644833,-73.263236,2019
Pinus rigida,New York,40.637389,-73.331786,2019
Pinus rigida,New York,40.639722,-73.303147,2019
Pinus rigida,New York,40.630811,-73.353189,2019
Pinus rigida,New York,40.633356,-73.344925,2019
Pinus rigida,New York,40.697406,-73.288544,2019
Pinus rigida,New York,40.636844,-73.333533,2019
Pinus rigida,New York,40.633122,-73.345694,2019
Pinus rigida,New York,40.633511,-73.344414,2019
Pinus rigida,New York,40.64075,-73.311875,2019
Pinus rigida,New York,40.639011,-73.300575,2019
Pinus rigida,New York,40.639028,-73.326483,2019
Pinus rigida,New York,40.63935,-73.325439,2019
Pinus rigida,New York,40.629708,-73.356772,2019
Pinus rigida,New York,40.685422,-73.279656,2019
Pinus rigida,New York,40.650281,-73.263244,2019
Pinus rigida,New York,40.636597,-73.334297,2019
Pinus rigida,New York,40.640761,-73.274139,2019
Pinus rigida,New York,40.620861,-73.385431,2019
Pinus rigida,New York,40.639692,-73.302894,2019
Pinus rigida,New York,40.640897,-73.275658,2019
Pinus rigida,New York,40.637703,-73.330772,2019
Pinus rigida,New York,40.640719,-73.279267,2019
Pinus rigida,New York,40.640544,-73.310019,2019
Pinus rigida,New York,40.640789,-73.274392,2019
Pinus rigida,New York,40.645036,-73.263244,2019
Pinus rigida,New York,40.634872,-73.339967,2019
Pinus rigida,New York,40.639378,-73.304,2019
Pinus rigida,New York,40.639503,-73.300925,2019
Pinus rigida,New York,40.639867,-73.304414,2019
Pinus rigida,New York,40.652642,-73.263244,2019
Pinus rigida,New York,40.639375,-73.303856,2019
Pinus rigida,New York,40.640889,-73.316186,2019
Pinus rigida,New York,40.640444,-73.309219,2019
Pinus rigida,New York,40.639581,-73.301894,2019
Pinus rigida,New York,40.646886,-73.263244,2019
Pinus rigida,New York,40.636769,-73.333786,2019
Pinus rigida,New York,40.639881,-73.268303,2019
Pinus rigida,New York,40.633278,-73.345183,2019
Pinus rigida,New York,40.640717,-73.318656,2019
Pinus rigida,New York,40.650711,-73.263236,2019
Pinus rigida,New York,40.640903,-73.314553,2019
Pinus rigida,New York,40.649422,-73.263236,2019
Pinus rigida,New York,40.640019,-73.269164,2019
Pinus rigida,New York,40.631336,-73.351386,2019
Pinus rigida,New York,40.632344,-73.348289,2019
Pinus rigida,New York,40.633203,-73.345444,2019
Pinus rigida,New York,40.640686,-73.318931,2019
Pinus rigida,New York,40.633431,-73.344672,2019
Pinus rigida,New York,40.6105,-73.425064,2019
Pinus rigida,New York,40.639661,-73.30265,2019
Pinus rigida,New York,40.634125,-73.342414,2019
Pinus rigida,New York,40.620033,-73.388489,2019
Pinus rigida,New York,40.638794,-73.327247,2019
Pinus rigida,New York,40.633431,-73.344672,2019
Pinus rigida,New York,40.633042,-73.345947,2019
Pinus rigida,Vermont,44.496558,-73.151855,2019
Pinus rigida,Massachusetts,42.370371,-71.2583,2019
Pinus rigida,Maine,43.266403,-70.588608,2019
Pinus rigida,New Jersey,39.832354,-74.988702,2019
Pinus rigida,Ohio,38.96847,-84.081546,2019
Pinus rigida,Massachusetts,41.914606,-70.569286,2019
Pinus rigida,Massachusetts,41.508992,-71.055522,2019
Pinus rigida,Rhode Island,41.807017,-71.339756,2019
Pinus rigida,New York,40.640836,-73.274886,2019
Pinus rigida,New York,40.640158,-73.286444,2019
Pinus rigida,New York,40.631747,-73.350089,2019
Pinus rigida,New York,40.640325,-73.271156,2019
Pinus rigida,New York,40.597164,-73.498536,2019
Pinus rigida,New York,40.633122,-73.345694,2019
Pinus rigida,New York,40.640053,-73.269386,2019
Pinus rigida,New York,40.634872,-73.339967,2019
Pinus rigida,New York,40.647092,-73.263261,2019
Pinus rigida,New York,40.640797,-73.312408,2019
Pinus rigida,New York,40.632003,-73.349328,2019
Pinus rigida,New York,40.640567,-73.272744,2019
Pinus rigida,New York,40.640881,-73.275414,2019
Pinus rigida,New York,40.639375,-73.303856,2019
Pinus rigida,New York,40.652858,-73.263244,2019
Pinus rigida,New York,40.6407,-73.273675,2019
Pinus rigida,New York,40.635769,-73.337044,2019
Pinus rigida,New York,40.640964,-73.276658,2019
Pinus rigida,New York,40.632661,-73.347244,2019
Pinus rigida,New York,40.633586,-73.344169,2019
Pinus rigida,New York,40.629636,-73.357025,2019
Pinus rigida,New York,40.640186,-73.270264,2019
Pinus rigida,Massachusetts,42.504839,-71.097867,2019
Pinus rigida,Massachusetts,42.479611,-71.208806,2019
Pinus rigida,New Jersey,39.465736,-74.454059,2019
Pinus rigida,New Jersey,39.820149,-74.971008,2019
Pinus rigida,New York,42.718004,-73.864121,2019
Pinus rigida,Massachusetts,41.913639,-69.97201,2019
Pinus rigida,New Jersey,39.830712,-74.992452,2019
Pinus rigida,New Jersey,40.03298,-74.076375,2019
Pinus rigida,Virginia,37.630547,-78.814201,2019
Pinus rigida,Massachusetts,41.511833,-71.063361,2019
Pinus rigida,Massachusetts,41.507381,-71.047792,2019
Pinus rigida,Massachusetts,41.508992,-71.055522,2019
Pinus rigida,Massachusetts,41.509794,-71.059314,2019
Pinus rigida,Massachusetts,41.509794,-71.059314,2019
Pinus rigida,Massachusetts,41.507442,-71.051581,2019
Pinus rigida,Massachusetts,41.509794,-71.059314,2019
Pinus rigida,Massachusetts,41.51525,-71.067075,2019
Pinus rigida,Massachusetts,41.810708,-71.074503,2019
Pinus rigida,Massachusetts,41.810708,-71.074503,2019
Pinus rigida,Massachusetts,42.113292,-71.059986,2019
Pinus rigida,New Jersey,40.042587,-74.087557,2019
Pinus rigida,New Jersey,40.056768,-74.395765,2019
Pinus rigida,New Jersey,39.740869,-74.716541,2019
Pinus rigida,New Jersey,39.741125,-74.715587,2019
Pinus rigida,Massachusetts,42.408156,-71.209225,2019
Pinus rigida,Massachusetts,42.459646,-70.944363,2019
Pinus rigida,New York,40.736092,-73.587761,2019
Pinus rigida,North Carolina,36.339583,-80.475288,2019
Pinus rigida,New York,40.705545,-73.48803,2019
Pinus rigida,New York,40.774237,-73.481462,2019
Pinus rigida,New York,40.640461,-73.272064,2019
Pinus rigida,New York,40.608806,-73.433647,2019
Pinus rigida,New York,41.740232,-74.230619,2019
Pinus rigida,New York,40.721028,-73.396867,2019
Pinus rigida,New York,40.707786,-73.425094,2019
Pinus rigida,New York,40.720181,-73.404647,2019
Pinus rigida,New York,40.713908,-73.410789,2019
Pinus rigida,New York,40.706894,-73.429444,2019
Pinus rigida,New York,40.720744,-73.399169,2019
Pinus rigida,New York,40.723186,-73.387681,2019
Pinus rigida,New York,40.715575,-73.409867,2019
Pinus rigida,New York,40.720875,-73.397858,2019
Pinus rigida,New York,40.7323,-73.359214,2019
Pinus rigida,New York,40.723586,-73.386361,2019
Pinus rigida,New York,40.720106,-73.404961,2019
Pinus rigida,New York,40.723286,-73.387353,2019
Pinus rigida,New York,40.721144,-73.396181,2019
Pinus rigida,New York,40.722675,-73.389336,2019
Pinus rigida,New York,40.720181,-73.404647,2019
Pinus rigida,New York,40.716275,-73.409569,2019
Pinus rigida,New York,40.720725,-73.399492,2019
Pinus rigida,New York,40.723992,-73.385064,2019
Pinus rigida,New York,40.716044,-73.409683,2019
Pinus rigida,New York,40.723678,-73.386033,2019
Pinus rigida,New York,40.720767,-73.398833,2019
Pinus rigida,New York,40.721203,-73.395867,2019
Pinus rigida,New York,40.728069,-73.371361,2019
Pinus rigida,New York,40.717972,-73.408417,2019
Pinus rigida,New York,40.722367,-73.390342,2019
Pinus rigida,New York,40.714825,-73.410203,2019
Pinus rigida,New York,40.736022,-73.290978,2019
Pinus rigida,New York,40.741586,-73.213783,2019
Pinus rigida,New York,40.731911,-73.360528,2019
Pinus rigida,New York,40.72025,-73.404328,2019
Pinus rigida,New York,40.734653,-73.286033,2019
Pinus rigida,New York,40.734322,-73.293542,2019
Pinus rigida,New York,40.716492,-73.409461,2019
Pinus rigida,New York,40.732606,-73.353508,2019
Pinus rigida,New York,40.736194,-73.290444,2019
Pinus rigida,New York,40.720925,-73.397531,2019
Pinus rigida,New York,40.729503,-73.366683,2019
Pinus rigida,New York,40.723842,-73.164122,2019
Pinus rigida,New York,40.729314,-73.367242,2019
Pinus rigida,New York,40.736356,-73.289575,2019
Pinus rigida,New York,40.746114,-73.178467,2019
Pinus rigida,New York,40.739475,-73.228211,2019
Pinus rigida,New York,40.726861,-73.165633,2019
Pinus rigida,New York,40.741694,-73.212958,2019
Pinus rigida,New York,40.719861,-73.16355,2019
Pinus rigida,New York,40.720447,-73.163558,2019
Pinus rigida,New York,40.728847,-73.167161,2019
Pinus rigida,New York,40.735936,-73.170958,2019
Pinus rigida,New York,40.723286,-73.387353,2019
Pinus rigida,New York,40.720792,-73.398506,2019
Pinus rigida,New York,40.723142,-73.163933,2019
Pinus rigida,New York,40.728967,-73.368422,2019
Pinus rigida,New York,40.735039,-73.286286,2019
Pinus rigida,New York,40.722272,-73.390686,2019
Pinus rigida,New York,40.719456,-73.163567,2019
Pinus rigida,New York,40.714578,-73.410331,2019
Pinus rigida,New York,40.720647,-73.16355,2019
Pinus rigida,New York,40.733628,-73.285683,2019
Pinus rigida,New York,40.727761,-73.286064,2019
Pinus rigida,New York,40.734928,-73.292481,2019
Pinus rigida,New York,40.744056,-73.176658,2019
Pinus rigida,New York,40.736236,-73.288161,2019
Pinus rigida,New York,40.735767,-73.291472,2019
Pinus rigida,New York,40.729831,-73.365853,2019
Pinus rigida,New York,40.743472,-73.175972,2019
Pinus rigida,New York,40.732283,-73.169328,2019
Pinus rigida,New York,40.744203,-73.176828,2019
Pinus rigida,New York,40.745083,-73.181944,2019
Pinus rigida,New York,40.736122,-73.171028,2019
Pinus rigida,New York,40.722397,-73.163781,2019
Pinus rigida,New York,40.734275,-73.285836,2019
Pinus rigida,New York,40.743172,-73.175628,2019
Pinus rigida,New York,40.721436,-73.163589,2019
Pinus rigida,New York,40.736989,-73.171347,2019
Pinus rigida,New York,40.71965,-73.16355,2019
Pinus rigida,New York,40.741419,-73.214911,2019
Pinus rigida,New York,40.698761,-73.160989,2019
Pinus rigida,New York,40.699469,-73.160714,2019
Pinus rigida,New York,40.699455,-73.160485,2019
Pinus rigida,New York,40.588445,-73.556288,2019
Pinus rigida,New York,40.588437,-73.556267,2019
Pinus rigida,New York,40.850475,-72.873139,2019
Pinus rigida,New York,40.852383,-72.850433,2019
Pinus rigida,New York,40.829372,-72.936097,2019
Pinus rigida,New York,40.851228,-72.859367,2019
Pinus rigida,New York,40.852383,-72.850433,2019
Pinus rigida,New York,40.850569,-72.872444,2019
Pinus rigida,New York,40.850892,-72.868958,2019
Pinus rigida,New York,40.829422,-72.935761,2019
Pinus rigida,New York,40.829575,-72.934739,2019
Pinus rigida,New York,40.850314,-72.874169,2019
Pinus rigida,New York,40.850258,-72.874497,2019
Pinus rigida,New York,40.849636,-72.877411,2019
Pinus rigida,New York,40.853139,-72.847533,2019
Pinus rigida,New York,40.854019,-72.845008,2019
Pinus rigida,New York,40.850136,-72.875161,2019
Pinus rigida,New York,40.851506,-72.855719,2019
Pinus rigida,New York,40.852619,-72.84945,2019
Pinus rigida,New York,40.850614,-72.8721,2019
Pinus rigida,New York,40.851819,-72.853369,2019
Pinus rigida,New York,40.8502,-72.874833,2019
Pinus rigida,New York,40.852692,-72.849144,2019
Pinus rigida,New York,40.851106,-72.863092,2019
Pinus rigida,New York,40.850369,-72.873825,2019
Pinus rigida,New York,40.851397,-72.856736,2019
Pinus rigida,New York,40.850692,-72.871406,2019
Pinus rigida,New York,40.852872,-72.848494,2019
Pinus rigida,New York,40.829706,-72.934067,2019
Pinus rigida,New York,40.829778,-72.933731,2019
Pinus rigida,New York,40.851078,-72.864128,2019
Pinus rigida,Massachusetts,42.366756,-71.25631,2019
Pinus rigida,Massachusetts,42.36548,-71.258701,2019
Pinus rigida,Massachusetts,42.360169,-71.256807,2019
Pinus rigida,Massachusetts,42.366905,-71.256187,2019
Pinus rigida,New Jersey,39.763213,-74.199796,2019
Pinus rigida,New Jersey,40.044476,-74.086949,2019
Pinus rigida,New Jersey,40.044476,-74.086949,2019
Pinus rigida,New Jersey,40.044476,-74.086949,2019
Pinus rigida,New Jersey,40.044476,-74.086949,2019
Pinus rigida,New Jersey,39.834133,-74.996631,2019
Pinus rigida,West Virginia,38.481365,-79.222229,2019
Pinus rigida,New Jersey,39.465008,-74.450516,2019
Pinus rigida,New Jersey,39.875557,-74.214373,2019
Pinus rigida,Virginia,38.18377,-79.827354,2019
Pinus rigida,New York,40.543042,-74.228737,2019
Pinus rigida,New York,40.532367,-74.138267,2019
Pinus rigida,New York,40.904308,-72.671762,2019
Pinus rigida,Pennsylvania,40.104068,-75.437255,2019
Pinus rigida,Rhode Island,42.00095,-71.44442,2020
Pinus rigida,Massachusetts,42.264807,-72.22541,2020
Pinus rigida,Massachusetts,41.85822,-70.526742,2020
Pinus rigida,Massachusetts,42.279971,-72.213505,2020
Pinus rigida,Rhode Island,41.451689,-71.64196,2020
Pinus rigida,Massachusetts,42.264588,-72.224974,2020
Pinus rigida,New Jersey,40.440104,-74.27158,2020
Pinus rigida,Massachusetts,42.279891,-72.213127,2020
Pinus rigida,Massachusetts,42.278169,-72.215007,2020
Pinus rigida,New Jersey,40.44037,-74.271601,2020
Pinus rigida,New Jersey,40.427393,-74.276073,2020
Pinus rigida,New Jersey,40.435115,-74.26956,2020
Pinus rigida,Massachusetts,42.26498,-72.225313,2020
Pinus rigida,Massachusetts,42.279224,-72.213343,2020
Pinus rigida,Massachusetts,42.26401,-72.224064,2020
Pinus rigida,Massachusetts,42.277795,-72.213704,2020
Pinus rigida,New York,42.71122,-73.871406,2020
Pinus rigida,Massachusetts,42.264523,-72.227045,2020
Pinus rigida,Massachusetts,42.280592,-72.212944,2020
Pinus rigida,Massachusetts,42.074903,-70.212853,2020
Pinus rigida,Massachusetts,42.669948,-72.534726,2020
Pinus rigida,Massachusetts,42.278294,-72.213608,2020
Pinus rigida,Massachusetts,42.264635,-72.224584,2020
Pinus rigida,Massachusetts,42.27957,-72.213254,2020
Pinus rigida,Massachusetts,41.904781,-70.572818,2020
Pinus rigida,Massachusetts,42.280587,-72.213259,2020
Pinus rigida,New Jersey,40.680047,-74.392136,2020
Pinus rigida,New Jersey,40.439414,-74.270877,2020
Pinus rigida,Massachusetts,42.266981,-72.222796,2020
Pinus rigida,Massachusetts,42.285363,-72.2449,2020
Pinus rigida,New Jersey,40.207001,-74.304206,2020
Pinus rigida,Massachusetts,42.294381,-72.244854,2020
Pinus rigida,Massachusetts,42.264907,-72.225675,2020
Pinus rigida,Massachusetts,42.264677,-72.22472,2020
Pinus rigida,Massachusetts,42.267164,-72.222658,2020
Pinus rigida,New York,40.710995,-73.414704,2020
Pinus rigida,Massachusetts,42.447605,-72.555618,2020
Pinus rigida,North Carolina,35.616655,-82.565118,2020
Pinus rigida,Massachusetts,42.28311,-72.519895,2020
Pinus rigida,New York,40.710114,-73.415933,2020
Pinus rigida,New Hampshire,42.771011,-72.371582,2020
Pinus rigida,Massachusetts,42.324947,-72.432732,2020
Pinus rigida,Massachusetts,42.327057,-72.442528,2020
Pinus rigida,New York,40.709904,-73.416536,2020
Pinus rigida,Massachusetts,42.128338,-72.478249,2020
Pinus rigida,New York,42.124062,-77.041153,2020
Pinus rigida,New York,41.697819,-74.242142,2020
Pinus rigida,Massachusetts,42.231724,-72.401207,2020
Pinus rigida,New Jersey,40.981079,-75.095745,2020
Pinus rigida,New Jersey,40.443283,-74.435481,2020
Pinus rigida,Massachusetts,41.909079,-69.975189,2020
Pinus rigida,Massachusetts,42.324909,-72.435287,2020
Pinus rigida,Massachusetts,42.44733,-72.552353,2020
Pinus rigida,Massachusetts,42.312096,-72.451965,2020
Pinus rigida,Massachusetts,42.325863,-72.443466,2020
Pinus rigida,Maine,43.442768,-70.351132,2020
Pinus rigida,Massachusetts,41.88528,-69.996833,2020
Pinus rigida,Massachusetts,42.355711,-72.483654,2020
Pinus rigida,Massachusetts,42.265108,-72.231632,2020
Pinus rigida,Massachusetts,42.371049,-72.008848,2020
Pinus rigida,New York,41.694661,-74.247781,2020
Pinus rigida,Massachusetts,42.323757,-72.439461,2020
Pinus rigida,Massachusetts,42.446041,-71.087826,2020
Pinus rigida,New York,42.715339,-73.860838,2020
Pinus rigida,Massachusetts,41.997416,-70.076776,2020
Pinus rigida,New York,41.710725,-74.227592,2020
Pinus rigida,Massachusetts,42.580845,-72.508621,2020
Pinus rigida,New York,40.710092,-73.415864,2020
Pinus rigida,New York,41.324201,-73.920969,2020
Pinus rigida,New York,41.710653,-74.227486,2020
Pinus rigida,New York,41.695397,-74.248725,2020
Pinus rigida,New York,41.704364,-74.235328,2020
Pinus rigida,Massachusetts,42.445058,-71.096678,2020
Pinus rigida,Massachusetts,42.325623,-72.438927,2020
Pinus rigida,New York,40.617645,-73.825093,2020
Pinus rigida,New York,41.719925,-74.231483,2020
Pinus rigida,New York,41.694661,-74.248825,2020
Pinus rigida,Massachusetts,42.093409,-72.960084,2020
Pinus rigida,Massachusetts,42.135044,-72.451118,2020
Pinus rigida,Massachusetts,42.18089,-72.902746,2020
Pinus rigida,Massachusetts,42.323261,-72.437225,2020
Pinus rigida,Massachusetts,42.324638,-72.435677,2020
Pinus rigida,New York,40.624385,-73.289009,2020
Pinus rigida,Massachusetts,42.548607,-72.514557,2020
Pinus rigida,New York,40.776161,-73.307554,2020
Pinus rigida,Massachusetts,42.574314,-72.497932,2020
Pinus rigida,Massachusetts,42.595394,-72.476959,2020
Pinus rigida,New Hampshire,42.843723,-72.340645,2020
Pinus rigida,New Jersey,39.713286,-74.276528,2020
Pinus rigida,New Jersey,39.777869,-74.243339,2020
Pinus rigida,Massachusetts,42.330284,-72.464813,2020
Pinus rigida,Connecticut,41.614752,-72.820492,2020
Pinus rigida,Massachusetts,42.216202,-72.554321,2020
Pinus rigida,Massachusetts,42.182598,-72.577995,2020
Pinus rigida,Massachusetts,42.257244,-72.517685,2020
Pinus rigida,Massachusetts,42.185902,-72.5793,2020
Pinus rigida,Massachusetts,42.182892,-72.578812,2020
Pinus rigida,Massachusetts,42.213428,-72.561539,2020
Pinus rigida,Massachusetts,42.217022,-72.541611,2020
Pinus rigida,Massachusetts,41.912031,-69.973755,2020
Pinus rigida,Massachusetts,42.339016,-72.491844,2020
Pinus rigida,Massachusetts,42.670101,-72.460052,2020
Pinus rigida,Maryland,39.265853,-77.38617,2020
Pinus rigida,Massachusetts,42.164963,-72.523643,2020
Pinus rigida,Massachusetts,42.166195,-72.522079,2020
Pinus rigida,Massachusetts,42.165516,-72.524048,2020
Pinus rigida,Massachusetts,42.17543,-72.541969,2020
Pinus rigida,Massachusetts,42.176846,-72.540085,2020
Pinus rigida,Massachusetts,42.165573,-72.53759,2020
Pinus rigida,Massachusetts,42.178207,-72.537582,2020
Pinus rigida,Massachusetts,42.172813,-72.546242,2020
Pinus rigida,Massachusetts,42.378628,-72.465057,2020
Pinus rigida,Massachusetts,42.559052,-72.507004,2020
Pinus rigida,Massachusetts,42.57233,-72.268074,2020
Pinus rigida,Massachusetts,42.585121,-72.247757,2020
Pinus rigida,Massachusetts,42.68298,-72.112846,2020
Pinus rigida,Vermont,44.516192,-73.263676,2020
Pinus rigida,Massachusetts,42.782621,-70.807717,2020
Pinus rigida,New Jersey,39.728122,-74.29238,2020
Pinus rigida,New Jersey,39.786613,-74.372117,2020
Pinus rigida,New Jersey,39.752328,-74.384047,2020
Pinus rigida,New Jersey,39.885803,-74.378862,2020
Pinus rigida,New Jersey,39.880372,-74.533212,2020
Pinus rigida,New Jersey,39.880488,-74.533067,2020
Pinus rigida,New Jersey,39.829707,-74.990021,2020
Pinus rigida,New York,40.618148,-73.82561,2020
Pinus rigida,Massachusetts,42.338112,-72.493208,2020
Pinus rigida,New Jersey,39.834533,-74.996333,2020
Pinus rigida,Connecticut,41.774852,-72.189957,2020
Pinus rigida,Massachusetts,42.184044,-72.528061,2020
Pinus rigida,Massachusetts,42.183311,-72.523323,2020
Pinus rigida,New York,40.680653,-73.515267,2020
Pinus rigida,Massachusetts,42.268233,-72.591733,2020
Pinus rigida,New Jersey,39.880567,-74.533012,2020
Pinus rigida,Massachusetts,42.183544,-72.528763,2020
Pinus rigida,Massachusetts,42.169559,-72.542526,2020
Pinus rigida,New Jersey,39.752092,-74.383347,2020
Pinus rigida,Massachusetts,42.184429,-72.51767,2020
Pinus rigida,Pennsylvania,40.256398,-77.414242,2020
Pinus rigida,Massachusetts,42.180946,-72.52626,2020
Pinus rigida,Massachusetts,42.24921,-72.474365,2020
Pinus rigida,New Jersey,39.79677,-74.407862,2020
Pinus rigida,Massachusetts,42.180576,-72.518616,2020
Pinus rigida,Massachusetts,42.184612,-72.522934,2020
Pinus rigida,Massachusetts,42.182953,-72.520119,2020
Pinus rigida,Connecticut,41.909065,-72.697685,2020
Pinus rigida,New Jersey,39.880713,-74.53312,2020
Pinus rigida,Massachusetts,42.272652,-72.402962,2020
Pinus rigida,Massachusetts,42.185974,-72.521263,2020
Pinus rigida,New Jersey,39.763633,-74.106317,2020
Pinus rigida,Massachusetts,42.184689,-72.52034,2020
Pinus rigida,Massachusetts,42.182919,-72.522156,2020
Pinus rigida,New York,40.588745,-73.552703,2020
Pinus rigida,New York,40.587417,-73.549103,2020
Pinus rigida Mill.,,,,
